CreatedBy.Name,CreatedDate,Id,LastModifiedBy.Name,LastModifiedDate
,2021-06-21T17:04:58.000+0000,0PS3X0000024zUJWAY,,2023-11-14T21:11:37.000+0000
,2021-06-21T17:04:58.000+0000,0PS3X0000024zULWAY,,2023-11-14T21:11:37.000+0000
,2019-10-17T11:00:57.000+0000,0PS3X000001KXZ1WAO,,2023-11-14T21:11:37.000+0000
,2023-02-08T21:58:23.000+0000,0PS3X0000024zUKWAY,,2023-11-14T21:11:37.000+0000
,2021-06-21T17:04:58.000+0000,0PS3X0000024zUIWAY,,2023-11-14T21:11:37.000+0000
,2019-10-17T11:00:57.000+0000,0PS3X000002M0zbWAC,,2023-11-14T21:11:37.000+0000
,2023-02-08T21:58:23.000+0000,0PS3X0000024zUHWAY,,2023-11-14T21:11:37.000+0000
,2019-10-17T11:00:57.000+0000,0PS3X000001KXZ4WAO,,2023-11-14T21:11:37.000+0000
,2023-07-24T19:08:04.000+0000,0PS3X000001iYe5WAE,,2023-11-14T21:11:37.000+0000
,2019-10-17T11:00:57.000+0000,0PS3X000001KXZ3WAO,,2023-11-14T21:11:37.000+0000
,2019-10-17T11:00:57.000+0000,0PS3X000001PEWnWAO,,2023-11-14T21:11:37.000+0000
,2023-02-08T21:58:23.000+0000,0PS3X000002M0zZWAS,,2023-11-14T21:11:37.000+0000
,2019-10-17T11:00:57.000+0000,0PS3X000001KXZ2WAO,,2023-11-14T21:11:37.000+0000
,2019-10-17T11:00:57.000+0000,0PS3X000002M0zcWAC,,2023-11-14T21:11:24.000+0000
,2019-10-17T11:00:57.000+0000,0PS3X000001M6KOWA0,,2023-11-14T21:11:24.000+0000
,2019-10-17T11:00:57.000+0000,0PS3X000001iYe6WAE,,2023-11-14T21:11:24.000+0000
,2019-10-17T11:00:57.000+0000,0PS3X000002M0zaWAC,,2023-11-14T21:11:24.000+0000
,2019-10-17T11:00:57.000+0000,0PS3X0000024pGnWAI,,2023-11-14T21:11:24.000+0000
Automated Process,2023-10-25T22:01:28.000+0000,0PS3X000001iYI4WAM,Automated Process,2023-10-25T22:01:28.000+0000
Automated Process,2023-06-09T23:35:22.000+0000,0PS3X000002M0zdWAC,Automated Process,2023-10-14T07:47:39.000+0000
Ruben Halman,2020-03-10T22:44:20.000+0000,0PS3X000001MrUeWAK,,2023-10-05T00:55:38.000+0000
Ruben Halman,2020-03-10T22:44:19.000+0000,0PS3X000001MrUdWAK,,2023-10-05T00:55:38.000+0000
Ruben Halman,2021-06-21T17:04:57.000+0000,0PS3X0000024zSBWAY,,2023-10-05T00:55:38.000+0000
Ruben Halman,2019-10-17T11:00:57.000+0000,0PS3X000001PEWBWA4,,2023-10-05T00:55:38.000+0000
Ruben Halman,2019-10-17T11:00:57.000+0000,0PS3X000001PEWCWA4,,2023-10-05T00:55:38.000+0000
Ruben Halman,2019-10-17T11:00:57.000+0000,0PS3X000001PEWDWA4,,2023-10-05T00:55:38.000+0000
Ruben Halman,2019-10-17T11:00:57.000+0000,0PS3X000001PEWEWA4,,2023-10-05T00:55:38.000+0000
Ruben Halman,2019-10-17T11:00:57.000+0000,0PS3X000001PEWFWA4,,2023-10-05T00:55:38.000+0000
Ruben Halman,2019-10-17T11:00:57.000+0000,0PS3X000001PEWGWA4,,2023-10-05T00:55:38.000+0000
Ruben Halman,2019-10-17T11:00:57.000+0000,0PS3X000001PEWHWA4,,2023-10-05T00:55:38.000+0000
Ruben Halman,2019-10-17T11:00:57.000+0000,0PS3X000001PEWIWA4,,2023-10-05T00:55:38.000+0000
Ruben Halman,2019-10-17T11:00:57.000+0000,0PS3X000001PEWJWA4,,2023-10-05T00:55:38.000+0000
Ruben Halman,2019-10-17T11:00:57.000+0000,0PS3X000001PEWKWA4,,2023-10-05T00:55:38.000+0000
Ruben Halman,2019-10-17T11:00:57.000+0000,0PS3X000001PEWLWA4,,2023-10-05T00:55:38.000+0000
Ruben Halman,2019-10-17T11:00:57.000+0000,0PS3X000001PEWMWA4,,2023-10-05T00:55:38.000+0000
Ruben Halman,2019-10-17T11:00:57.000+0000,0PS3X000001PEWNWA4,,2023-10-05T00:55:38.000+0000
Ruben Halman,2019-10-17T11:00:57.000+0000,0PS3X000001PEWOWA4,,2023-10-05T00:55:38.000+0000
Ruben Halman,2019-10-17T11:00:57.000+0000,0PS3X000001PEWPWA4,,2023-10-05T00:55:38.000+0000
Ruben Halman,2019-10-17T11:00:57.000+0000,0PS3X000001PEWQWA4,,2023-10-05T00:55:38.000+0000
Ruben Halman,2019-10-17T11:00:57.000+0000,0PS3X000001PEWRWA4,,2023-10-05T00:55:38.000+0000
Ruben Halman,2019-10-17T11:00:57.000+0000,0PS3X000001PEWSWA4,,2023-10-05T00:55:38.000+0000
Ruben Halman,2019-10-17T11:00:57.000+0000,0PS3X000001PEWTWA4,,2023-10-05T00:55:38.000+0000
Ruben Halman,2019-10-17T11:00:57.000+0000,0PS3X000001PEWUWA4,,2023-10-05T00:55:38.000+0000
Ruben Halman,2019-10-17T11:00:57.000+0000,0PS3X000001PEWVWA4,,2023-10-05T00:55:38.000+0000
Ruben Halman,2019-10-17T11:00:57.000+0000,0PS3X000001PEWWWA4,,2023-10-05T00:55:38.000+0000
Ruben Halman,2019-10-17T11:00:57.000+0000,0PS3X000001PEWXWA4,,2023-10-05T00:55:38.000+0000
Ruben Halman,2019-10-17T11:00:57.000+0000,0PS3X000001PEWYWA4,,2023-10-05T00:55:38.000+0000
Ruben Halman,2019-10-17T11:00:57.000+0000,0PS3X000001PEWZWA4,,2023-10-05T00:55:38.000+0000
Ruben Halman,2019-10-17T11:00:57.000+0000,0PS3X000001PEWaWAO,,2023-10-05T00:55:38.000+0000
Ruben Halman,2019-10-17T11:00:57.000+0000,0PS3X000001PEWbWAO,,2023-10-05T00:55:38.000+0000
Ruben Halman,2019-10-17T11:00:57.000+0000,0PS3X000001PEWcWAO,,2023-10-05T00:55:38.000+0000
Ruben Halman,2019-10-17T11:00:57.000+0000,0PS3X000001PEWdWAO,,2023-10-05T00:55:38.000+0000
Ruben Halman,2019-10-17T11:00:57.000+0000,0PS3X000001PEWeWAO,,2023-10-05T00:55:38.000+0000
Ruben Halman,2019-10-17T11:00:57.000+0000,0PS3X000001PEWfWAO,,2023-10-05T00:55:38.000+0000
Ruben Halman,2019-10-17T11:00:57.000+0000,0PS3X000001PEWhWAO,,2023-10-05T00:55:38.000+0000
Ruben Halman,2019-10-17T11:00:57.000+0000,0PS3X000001PEWiWAO,,2023-10-05T00:55:38.000+0000
Ruben Halman,2019-10-17T11:00:57.000+0000,0PS3X000001PEWjWAO,,2023-10-05T00:55:38.000+0000
Ruben Halman,2019-10-17T11:00:57.000+0000,0PS3X000001PEWkWAO,,2023-10-05T00:55:38.000+0000
Ruben Halman,2019-10-17T11:00:57.000+0000,0PS3X000001PEWmWAO,,2023-10-05T00:55:38.000+0000
Ruben Halman,2023-03-18T14:58:25.000+0000,0PS3X000001UsVxWAK,,2023-10-05T00:55:38.000+0000
Ruben Halman,2020-07-21T17:16:57.000+0000,0PS3X0000024kN4WAI,,2023-10-05T00:55:38.000+0000
Ruben Halman,2020-06-15T19:39:11.000+0000,0PS3X000001N5IMWA0,Ruben Halman,2020-06-15T19:40:37.000+0000
Ruben Halman,2019-10-22T15:01:36.000+0000,0PS3X000001KerfWAC,Ruben Halman,2019-10-22T15:04:22.000+0000
